                                               1.2 DML COMMANDS 
A) DML COMMANDS-INSERT
                       

1)Insert values in EMPLOYEE table.
                      


mysql> INSERT INTO PERSON VALUES(1,"NEDA","CALICUT",2001,12348976),(2,"ANU","IDUKKY",2021,86548976),(3,"MANU","KOTTAYAM",2016,99348976);
Query OK, 3 rows affected (0.15 sec)
Records: 3  Duplicates: 0  Warnings: 0


mysql> SELECT *FROM PERSON;
+------+------+----------+------+----------+
| SSN  | name | city     | dob  | adhar_no |
+------+------+----------+------+----------+
|    1 | NEDA | CALICUT  | 2001 | 12348976 |
|    2 | ANU  | IDUKKY   | 2021 | 86548976 |
|    3 | MANU | KOTTAYAM | 2016 | 99348976 |
+------+------+----------+------+----------+
3 rows in set (0.00 sec)



2)Insert values in STUDENT table.
                      



mysql> INSERT INTO STUDENT VALUES(1,"NEDA",21,"abcd",'f'),(2,"ANU",29,"BEWSA",'f'),(4,"VINU",39,"hfdjkj",'m');
Query OK, 3 rows affected (0.09 sec)
Records: 3  Duplicates: 0  Warnings: 0

mysql> SELECT *FROM STUDENT;
+---------+------+------+---------+--------+
| roll_no | name | age  | address | gender |
+---------+------+------+---------+--------+
|       1 | NEDA |   21 | abcd    | f      |
|       2 | ANU  |   29 | BEWSA   | f      |
|       4 | VINU |   39 | hfdjkj  | m      |
+---------+------+------+---------+--------+
3 rows in set (0.00 sec)



3)Insert values in INVOICE database. 



CUSTOMER TABLE
--------------

mysql> INSERT INTO CUSTOMER VALUES(100,'Neda','Thamarassery','Kozhikode',965660077);
Query OK, 1 row affected (0.04 sec)

mysql> INSERT INTO CUSTOMER(Id,NAME,ADDRESS,CITY) VALUES(102,'Vishnu','Thamarassery','Kozhikode');
Query OK, 1 row affected (0.06 sec)

mysql> INSERT INTO CUSTOMER VALUES(106,'Hiba','Perinthalmanna','Palakkad',871309001);
Query OK, 1 row affected (0.06 sec)

mysql> INSERT INTO CUSTOMER VALUES(108,'Huda','Padinjarathara','Wayanad',881309001);
Query OK, 1 row affected (0.06 sec)

mysql> INSERT INTO CUSTOMER(Id,NAME,ADDRESS,CITY) VALUES(110,'Niba','Irittyy','Idukki');
Query OK, 1 row affected (0.05 sec)

mysql> INSERT INTO CUSTOMER(Id,NAME,ADDRESS,CITY) VALUES(112,'Arun','Pattikkaad','Alappuzha');
Query OK, 1 row affected (0.08 sec)

mysql> INSERT INTO CUSTOMER(Id,NAME,ADDRESS,CITY) VALUES(114,'Abin','Irinjalakkuda','Kannur');
Query OK, 1 row affected (0.06 sec)

mysql> SELECT *FROM CUSTOMER;
+-----+--------+----------------+-----------+------------+
| ID  | NAME   | ADDRESS        | CITY      | PH_NO      |
+-----+--------+----------------+-----------+------------+
| 100 | Neda   | Thamarassery   | Kozhikode |  965660077 |
| 102 | Vishnu | Thamarassery   | Kozhikode |       NULL |
| 106 | Hiba   | Perinthalmanna | Palakkad  |  871309001 |
| 108 | Huda   | Padinjarathara | Wayanad   |  881309001 |
| 110 | Niba   | Iritty         | Idukki    |       NULL |
| 112 | Arun   | Pattikkad      | Alappuzha |       NULL |
| 114 | Abin   | Irinjalakkuda  | Kannur    |       NULL |
+-----+--------+----------------+-----------+------------+
7 rows in set (0.00 sec)



PRODUCT TABLE
-------------

mysql> INSERT INTO PRODUCT VALUES(221,'NIRAPARA MATTA RICE',41);
Query OK, 1 row affected (0.06 sec)

mysql> INSERT INTO PRODUCT VALUES(222,'NIRAPARA PUTTU PODI',28);
Query OK, 1 row affected (0.04 sec)

mysql> INSERT INTO PRODUCT VALUES(223,'PEN(TECHNO TIP)',10);
Query OK, 1 row affected (0.04 sec)

mysql> INSERT INTO PRODUCT VALUES(224,'CHAIR',1000);
Query OK, 1 row affected (0.09 sec)

mysql> INSERT INTO PRODUCT VALUES(225,'MANGO PICKLE',73);
Query OK, 1 row affected (0.06 sec)

mysql> INSERT INTO PRODUCT VALUES(226,'SASSFARAS TOP',68);
Query OK, 1 row affected (0.05 sec)

mysql> INSERT INTO PRODUCT VALUES(227,'TANG POWDER',180);
Query OK, 1 row affected (0.06 sec)

mysql> INSERT INTO PRODUCT VALUES(228,'AMUL MILK POWDER',580);
Query OK, 1 row affected (0.05 sec)



mysql> SELECT *FROM PRODUCT;
+------+---------------------+-------+
| P_ID | P_NAME              | PRICE |
+------+---------------------+-------+
|  221 | NIRAPARA MATTA RICE |    41 |
|  222 | NIRAPARA PUTTU PODI |    28 |
|  223 | PEN(TECHNO TIP)     |    10 |
|  224 | CHAIR               |  1000 |
|  225 | MANGO PICKLE        |    73 |
|  226 | SASSFARAS TOP       |    68 |
|  227 | TANG POWDER         |   180 |
|  228 | AMUL MILK POWDER    |   580 |
+------+---------------------+-------+
8 rows in set (0.00 sec)




INVOICE_MASTER TABLE
-------------------

INSERT INTO INVOICE_MASTER VALUES(111,110,'2023-01-29'),(816,110,'2023-01-29'),(115,106,'2023-03-29'),(958,100,'2023-12-29'),(344,108,'2023-03-19'),(915,110,'2022-03-10'),(355,114,'2023-03-29'),(165,106,'2023-12-12');
Query OK, 7 rows affected (0.15 sec)

Records: 7  Duplicates: 0  Warnings: 0

mysql> SELECT *FROM INVOICE_MASTER;
+--------+---------+------------+
| INV_ID | CUST_ID | INV_DATE   |
+--------+---------+------------+
|    111 |     110 | 2023-01-29 |
|    115 |     106 | 2023-03-29 |
|    165 |     106 | 2023-12-12 |
|    344 |     108 | 2023-03-19 |
|    355 |     114 | 2023-03-29 |
|    816 |     110 | 2023-01-29 |
|    915 |     110 | 2022-03-10 |
|    958 |     100 | 2023-12-29 |
+--------+---------+------------+
8 rows in set (0.01 sec)




INVOICE_ITEM TABLE
--------------------


mysql> INSERT INTO INVOICE_ITEM VALUES(111,221,15),(344,223,20),(816,227,12),(958,221,2),(355,228,2),(915,225,1),(165,227,3);
Query OK, 7 rows affected (0.09 sec)


Records: 7  Duplicates: 0  Warnings: 0


mysql> SELECT *FROM INVOICE_ITEM;
+--------+------+----------+
| INV_ID | P_ID | QUANTITY |
+--------+------+----------+
|    111 |  221 |       15 |
|    344 |  223 |       20 |
|    816 |  227 |       12 |
|    958 |  221 |        2 |
|    355 |  228 |        2 |
|    915 |  225 |        1 |
|    165 |  227 |        3 |
+--------+------+----------+
7 rows in set (0.01 sec)

------------------*************---------------------*********************--------------

B) DML COMMANDS- UPDATE
 
 

 1) Update the price of a particular product. 
 
 mysql> SELECT *FROM PRODUCT;
+------+---------------------+-------+
| P_ID | P_NAME              | PRICE |
+------+---------------------+-------+
|  221 | NIRAPARA MATTA RICE |    41 |
|  222 | NIRAPARA PUTTU PODI |    28 |
|  223 | PEN(TECHNO TIP)     |    10 |
|  224 | CHAIR               |  1000 |
|  225 | MANGO PICKLE        |    73 |
|  226 | SASSFARAS TOP       |    68 |
|  227 | TANG POWDER         |   180 |
|  228 | AMUL MILK POWDER    |   580 |
+------+---------------------+-------+
8 rows in set (0.00 sec)
 
 
                     
 mysql>  UPDATE PRODUCT SET PRICE=195 WHERE P_ID=227;
 Query OK, 1 row affected (0.10 sec)
 Rows matched: 1  Changed: 1  Warnings: 0

 mysql> SELECT *FROM PRODUCT;
 +------+---------------------+-------+
 | P_ID | P_NAME              | PRICE |
 +------+---------------------+-------+
 |  221 | NIRAPARA MATTA RICE |    41 |
 |  222 | NIRAPARA PUTTU PODI |    28 |
 |  223 | PEN(TECHNO TIP)     |    10 |
 |  224 | CHAIR               |  1000 |
 |  225 | MANGO PICKLE        |    73 |
 |  226 | SASSFARAS TOP       |    68 |
 |  227 | TANG POWDER         |   195 |
 |  228 | AMUL MILK POWDER    |   580 |
 +------+---------------------+-------+
 8 rows in set (0.01 sec)




2) Change the name of city ‘Kozhikode’ to ‘Calicut’ in the customer table. 

mysql> SELECT *FROM CUSTOMER;
+-----+--------+----------------+-----------+------------+
| ID  | NAME   | ADDRESS        | CITY      | PH_NO      |
+-----+--------+----------------+-----------+------------+
| 100 | Neda   | Thamarassery   | Kozhikode |  965660077 |
| 102 | Vishnu | Thamarassery   | Kozhikode |       NULL |
| 106 | Hiba   | Perinthalmanna | Palakkad  |  871309001 |
| 108 | Huda   | Padinjarathara | Wayanad   |  881309001 |
| 110 | Niba   | Iritty         | Idukki    |       NULL |
| 112 | Arun   | Pattikkad      | Alappuzha |       NULL |
| 114 | Abin   | Irinjalakkuda  | Kannur    |       NULL |
+-----+--------+----------------+-----------+------------+
7 rows in set (0.00 sec)




mysql> UPDATE CUSTOMER SET CITY='Calicut' WHERE CITY='Kozhikode';
Query OK, 2 rows affected (0.08 sec)
Rows matched: 2  Changed: 2  Warnings: 0

mysql> SELECT *FROM CUSTOMER;
+-----+--------+----------------+-----------+-----------+
| ID  | NAME   | ADDRESS        | CITY      | PH_NO     |
+-----+--------+----------------+-----------+-----------+
| 100 | Neda   | Thamarassery   | Calicut   | 965660077 |
| 102 | Vishnu | Thamarassery   | Calicut   |      NULL |
| 106 | Hiba   | Perinthalmanna | Palakkad  | 871309001 |
| 108 | Huda   | Padinjarathara | Wayanad   | 881309001 |
| 110 | Niba   | Irittyy        | Idukki    |      NULL |
| 112 | Arun   | Pattikkaad     | Alappuzha |      NULL |
| 114 | Abin   | Irinjalakkuda  | Kannur    |      NULL |
+-----+--------+----------------+-----------+-----------+
7 rows in set (0.00 sec)


3) Update all prices with 2% of its original price

 mysql> SELECT *FROM PRODUCT;
 +------+---------------------+-------+
 | P_ID | P_NAME              | PRICE |
 +------+---------------------+-------+
 |  221 | NIRAPARA MATTA RICE |    41 |
 |  222 | NIRAPARA PUTTU PODI |    28 |
 |  223 | PEN(TECHNO TIP)     |    10 |
 |  224 | CHAIR               |  1000 |
 |  225 | MANGO PICKLE        |    73 |
 |  226 | SASSFARAS TOP       |    68 |
 |  227 | TANG POWDER         |   195 |
 |  228 | AMUL MILK POWDER    |   580 |
 +------+---------------------+-------+
 8 rows in set (0.01 sec)


mysql> UPDATE PRODUCT SET PRICE=PRICE+(PRICE*2/100);
Query OK, 7 rows affected (0.10 sec)
Rows matched: 8  Changed: 7  Warnings: 0

mysql> SELECT *FROM PRODUCT;
+------+---------------------+-------+
| P_ID | P_NAME              | PRICE |
+------+---------------------+-------+
|  221 | NIRAPARA MATTA RICE |    42 |
|  222 | NIRAPARA PUTTU PODI |    29 |
|  223 | PEN(TECHNO TIP)     |    10 |
|  224 | CHAIR               |  1020 |
|  225 | MANGO PICKLE        |    74 |
|  226 | SASSFARAS TOP       |    69 |
|  227 | TANG POWDER         |   199 |
|  228 | AMUL MILK POWDER    |   592 |
+------+---------------------+-------+
8 rows in set (0.01 sec)



4) Change the address, city, phone number of a particular customer. 


mysql> SELECT *FROM CUSTOMER;
+-----+--------+----------------+-----------+-----------+
| ID  | NAME   | ADDRESS        | CITY      | PH_NO     |
+-----+--------+----------------+-----------+-----------+
| 100 | Neda   | Thamarassery   | Calicut   | 965660077 |
| 102 | Vishnu | Thamarassery   | Calicut   |      NULL |
| 106 | Hiba   | Perinthalmanna | Palakkad  | 871309001 |
| 108 | Huda   | Padinjarathara | Wayanad   | 881309001 |
| 110 | Niba   | Irittyy        | Idukki    |      NULL |
| 112 | Arun   | Pattikkaad     | Alappuzha |      NULL |
| 114 | Abin   | Irinjalakkuda  | Kannur    |      NULL |
+-----+--------+----------------+-----------+-----------+
7 rows in set (0.00 sec)

mysql>  UPDATE CUSTOMER SET ADDRESS='Pantheeerpadam',CITY='Kottaym',PH_NO=953213456 WHERE ID=106;
Query OK, 1 row affected (0.11 sec)
Rows matched: 1  Changed: 1  Warnings: 0

mysql> SELECT *FROM CUSTOMER;
+-----+--------+----------------+-----------+-----------+
| ID  | NAME   | ADDRESS        | CITY      | PH_NO     |
+-----+--------+----------------+-----------+-----------+
| 100 | Neda   | Thamarassery   | Calicut   | 965660077 |
| 102 | Vishnu | Thamarassery   | Calicut   |      NULL |
| 106 | Hiba   | Pantheeerpadam | Kottaym   | 953213456 |
| 108 | Huda   | Padinjarathara | Wayanad   | 881309001 |
| 110 | Niba   | Irittyy        | Idukki    |      NULL |
| 112 | Arun   | Pattikkaad     | Alappuzha |      NULL |
| 114 | Abin   | Irinjalakkuda  | Kannur    |      NULL |
+-----+--------+----------------+-----------+-----------+
7 rows in set (0.00 sec)


5) Change the quantity of a purchased product of any inv_id.

mysql> SELECT *FROM INVOICE_ITEM;
+--------+------+----------+
| INV_ID | P_ID | QUANTITY |
+--------+------+----------+
|    111 |  221 |       15 |
|    344 |  223 |       20 |
|    816 |  227 |       12 |
|    958 |  221 |        2 |
|    355 |  228 |        2 |
|    915 |  225 |        1 |
|    165 |  227 |        3 |
+--------+------+----------+
7 rows in set (0.01 sec)

mysql>  UPDATE INVOICE_ITEM SET QUANTITY=20 WHERE INV_ID=915 AND P_ID=225;
Query OK, 1 row affected (0.11 sec)
Rows matched: 1  Changed: 1  Warnings: 0

mysql> SELECT *FROM INVOICE_ITEM;
+--------+------+----------+
| INV_ID | P_ID | QUANTITY |
+--------+------+----------+
|    111 |  221 |       15 |
|    344 |  223 |       20 |
|    816 |  227 |       12 |
|    958 |  221 |        2 |
|    355 |  228 |        2 |
|    915 |  225 |       20 |
|    165 |  227 |        3 |
+--------+------+----------+
7 rows in set (0.00 sec)



-----------------************----------------*************------------------

C)  DML COMMAND- DELETE


1) Delete the record of customer id ‘108’


mysql> SELECT *FROM CUSTOMER;
+-----+--------+----------------+-----------+-----------+
| ID  | NAME   | ADDRESS        | CITY      | PH_NO     |
+-----+--------+----------------+-----------+-----------+
| 100 | Neda   | Thamarassery   | Calicut   | 965660077 |
| 102 | Vishnu | Thamarassery   | Calicut   |      NULL |
| 106 | Hiba   | Pantheeerpadam | Kottaym   | 953213456 |
| 108 | Huda   | Padinjarathara | Wayanad   | 881309001 |
| 110 | Niba   | Irittyy        | Idukki    |      NULL |
| 112 | Arun   | Pattikkaad     | Alappuzha |      NULL |
| 114 | Abin   | Irinjalakkuda  | Kannur    |      NULL |
+-----+--------+----------------+-----------+-----------+
7 rows in set (0.00 sec)

mysql> DELETE FROM INVOICE_ITEM WHERE INV_ID=344;
Query OK, 1 row affected (0.10 sec)

mysql>  DELETE FROM INVOICE_MASTER WHERE INV_ID=344;
Query OK, 1 row affected (0.10 sec)

mysql>  DELETE FROM CUSTOMER WHERE Id=108;
Query OK, 1 row affected (0.10 sec)

mysql> SELECT *FROM CUSTOMER;
+-----+--------+----------------+-----------+-----------+
| ID  | NAME   | ADDRESS        | CITY      | PH_NO     |
+-----+--------+----------------+-----------+-----------+
| 100 | Neda   | Thamarassery   | Calicut   | 965660077 |
| 102 | Vishnu | Thamarassery   | Calicut   |      NULL |
| 106 | Hiba   | Pantheeerpadam | Kottaym   | 953213456 |
| 110 | Niba   | Irittyy        | Idukki    |      NULL |
| 112 | Arun   | Pattikkaad     | Alappuzha |      NULL |
| 114 | Abin   | Irinjalakkuda  | Kannur    |      NULL |
+-----+--------+----------------+-----------+-----------+
6 rows in set (0.00 sec)



2) Delete all purchase details of items its quantity less than 2

mysql> SELECT *FROM INVOICE_ITEM;
+--------+------+----------+
| INV_ID | P_ID | QUANTITY |
+--------+------+----------+
|    111 |  221 |       15 |
|    344 |  223 |       20 |
|    816 |  227 |       12 |
|    958 |  221 |        2 |
|    355 |  228 |        2 |
|    915 |  225 |        1 |
|    165 |  227 |        3 |
+--------+------+----------+


mysql>  DELETE FROM INVOICE_ITEM WHERE QUANTITY<2;
Query OK, 0 rows affected (0.01 sec)

mysql> SELECT *FROM INVOICE_ITEM;
+--------+------+----------+
| INV_ID | P_ID | QUANTITY |
+--------+------+----------+
|    111 |  221 |       15 |
|    816 |  227 |       12 |
|    958 |  221 |        2 |
|    355 |  228 |        2 |
|    915 |  225 |       20 |
|    165 |  227 |        3 |
+--------+------+----------+
6 rows in set (0.01 sec)


3) Delete the purchase details of product ‘amul milk powder’ in the inv_id ‘355’

mysql> SELECT *FROM INVOICE_ITEM;
+--------+------+----------+
| INV_ID | P_ID | QUANTITY |
+--------+------+----------+
|    111 |  221 |       15 |
|    816 |  227 |       12 |
|    958 |  221 |        2 |
|    355 |  228 |        2 |
|    915 |  225 |       20 |
|    165 |  227 |        3 |
+--------+------+----------+
6 rows in set (0.01 sec)


mysql> DELETE FROM INVOICE_ITEM WHERE INV_ID=355 AND P_ID=228;
Query OK, 1 row affected (0.12 sec)

mysql> SELECT *FROM INVOICE_ITEM;
+--------+------+----------+
| INV_ID | P_ID | QUANTITY |
+--------+------+----------+
|    111 |  221 |       15 |
|    816 |  227 |       12 |
|    958 |  221 |        2 |
|    915 |  225 |       20 |
|    165 |  227 |        3 |
+--------+------+----------+
5 rows in set (0.00 sec)



4) Delete details of customer who does not have phone number.

mysql> SELECT *FROM CUSTOMER;
+-----+--------+----------------+-----------+-----------+
| ID  | NAME   | ADDRESS        | CITY      | PH_NO     |
+-----+--------+----------------+-----------+-----------+
| 100 | Neda   | Thamarassery   | Calicut   | 965660077 |
| 102 | Vishnu | Thamarassery   | Calicut   |      NULL |
| 106 | Hiba   | Pantheeerpadam | Kottaym   | 953213456 |
| 110 | Niba   | Irittyy        | Idukki    |      NULL |
| 112 | Arun   | Pattikkaad     | Alappuzha |      NULL |
| 114 | Abin   | Irinjalakkuda  | Kannur    |      NULL |
+-----+--------+----------------+-----------+-----------+
6 rows in set (0.00 sec)

mysql>  DELETE FROM CUSTOMER WHERE PH_NO IS NULL;
Query OK, 4 rows affected (0.12 sec)

mysql> SELECT *FROM CUSTOMER;
+-----+------+----------------+---------+-----------+
| ID  | NAME | ADDRESS        | CITY    | PH_NO     |
+-----+------+----------------+---------+-----------+
| 100 | Neda | Thamarassery   | Calicut | 965660077 |
| 106 | Hiba | Pantheeerpadam | Kottaym | 953213456 |
+-----+------+----------------+---------+-----------+
2 rows in set (0.00 sec)



5) Delete all records from STUDENT table

mysql> DELETE FROM STUDENT;
Query OK, 3 rows affected (0.12 sec)

mysql>  SELECT *FROM STUDENT;
Empty set (0.00 sec)


6) Delete Invoice details of a particular customer


mysql> DELETE FROM INVOICE_ITEM WHERE INV_ID=165;
Query OK, 1 row affected (0.15 sec)

mysql> DELETE FROM INVOICE_MASTER WHERE CUST_ID=106;
Query OK, 2 rows affected (0.12 sec)

mysql> SELECT *FROM INVOICE_MASTER;
+--------+---------+------------+
| INV_ID | CUST_ID | INV_DATE   |
+--------+---------+------------+
|    958 |     100 | 2023-12-29 |
+--------+---------+------------+
1 row in set (0.00 sec)
//VERIFIED
