                                               1.2 DML COMMANDS 
a) DML COMMANDS-INSERT
                       

1)Insert values in EMPLOYEE table.
                      


mysql> INSERT INTO PERSON VALUES(1,"NEDA","CALICUT",2001,12348976),(2,"ANU","IDUKKY",2021,86548976),(3,"MANU","KOTTAYAM",2016,99348976);
Query OK, 3 rows affected (0.15 sec)
Records: 3  Duplicates: 0  Warnings: 0


mysql> SELECT *FROM PERSON;
+------+------+----------+------+----------+
| SSN  | name | city     | dob  | adhar_no |
+------+------+----------+------+----------+
|    1 | NEDA | CALICUT  | 2001 | 12348976 |
|    2 | ANU  | IDUKKY   | 2021 | 86548976 |
|    3 | MANU | KOTTAYAM | 2016 | 99348976 |
+------+------+----------+------+----------+
3 rows in set (0.00 sec)



2)Insert values in STUDENT table.
                      



mysql> INSERT INTO STUDENT VALUES(1,"NEDA",21,"abcd",'f'),(2,"ANU",29,"BEWSA",'f'),(4,"VINU",39,"hfdjkj",'m');
Query OK, 3 rows affected (0.09 sec)
Records: 3  Duplicates: 0  Warnings: 0

mysql> SELECT *FROM STUDENT;
+---------+------+------+---------+--------+
| roll_no | name | age  | address | gender |
+---------+------+------+---------+--------+
|       1 | NEDA |   21 | abcd    | f      |
|       2 | ANU  |   29 | BEWSA   | f      |
|       4 | VINU |   39 | hfdjkj  | m      |
+---------+------+------+---------+--------+
3 rows in set (0.00 sec)



3)Insert values in INVOICE database. 



CUSTOMER TABLE
--------------

mysql> INSERT INTO CUSTOMER VALUES(100,'Neda','Thamarassery','Kozhikode',9656600778);
Query OK, 1 row affected (0.04 sec)

mysql> INSERT INTO CUSTOMER(Id,NAME,ADDRESS,CITY) VALUES(102,'Vishnu','Thamarassery','Kozhikode');
Query OK, 1 row affected (0.06 sec)

mysql> INSERT INTO CUSTOMER VALUES(106,'Hiba','Perinthalmanna','Palakkad',8713090012);
Query OK, 1 row affected (0.06 sec)

mysql> INSERT INTO CUSTOMER VALUES(108,'Huda','Padinjarathara','Wayanad',8813090013);
Query OK, 1 row affected (0.06 sec)

mysql> INSERT INTO CUSTOMER(Id,NAME,ADDRESS,CITY) VALUES(110,'Niba','Irittyy','Idukki');
Query OK, 1 row affected (0.05 sec)

mysql> INSERT INTO CUSTOMER(Id,NAME,ADDRESS,CITY) VALUES(112,'Arun','Pattikkaad','Alappuzha');
Query OK, 1 row affected (0.08 sec)

mysql> INSERT INTO CUSTOMER(Id,NAME,ADDRESS,CITY) VALUES(114,'Abin','Irinjalakkuda','Kannur');
Query OK, 1 row affected (0.06 sec)

mysql> SELECT *FROM CUSTOMER;
+-----+--------+----------------+-----------+------------+
| ID  | NAME   | ADDRESS        | CITY      | PH_NO      |
+-----+--------+----------------+-----------+------------+
| 100 | Neda   | Thamarassery   | Kozhikode | 9656600778 |
| 102 | Vishnu | Thamarassery   | Kozhikode |       NULL |
| 106 | Hiba   | Perinthalmanna | Palakkad  | 8713090012 |
| 108 | Huda   | Padinjarathara | Wayanad   | 8813090013 |
| 110 | Niba   | Iritty         | Idukki    |       NULL |
| 112 | Arun   | Pattikkad      | Alappuzha |       NULL |
| 114 | Abin   | Irinjalakkuda  | Kannur    |       NULL |
+-----+--------+----------------+-----------+------------+
7 rows in set (0.00 sec)



PRODUCT TABLE
-------------

mysql> INSERT INTO PRODUCT VALUES(221,'NIRAPARA MATTA RICE',41);
Query OK, 1 row affected (0.06 sec)

mysql> INSERT INTO PRODUCT VALUES(222,'NIRAPARA PUTTU PODI',28);
Query OK, 1 row affected (0.04 sec)

mysql> INSERT INTO PRODUCT VALUES(223,'PEN(TECHNO TIP)',10);
Query OK, 1 row affected (0.04 sec)

mysql> INSERT INTO PRODUCT VALUES(224,'CHAIR',1000);
Query OK, 1 row affected (0.09 sec)

mysql> INSERT INTO PRODUCT VALUES(225,'MANGO PICKLE',80);
Query OK, 1 row affected (0.06 sec)

mysql> INSERT INTO PRODUCT VALUES(226,'SASSFARAS TOP',68);
Query OK, 1 row affected (0.05 sec)

mysql> INSERT INTO PRODUCT VALUES(227,'TANG POWDER',180);0
Query OK, 1 row affected (0.06 sec)

mysql> INSERT INTO PRODUCT VALUES(228,'AMUL MILK POWDER',580);
Query OK, 1 row affected (0.05 sec)



mysql> SELECT *FROM PRODUCT;
+------+---------------------+-------+
| P_ID | P_NAME              | PRICE |
+------+---------------------+-------+
|  221 | NIRAPARA MATTA RICE |    41 |
|  222 | NIRAPARA PUTTU PODI |    28 |
|  223 | PEN(TECHNO TIP)     |    10 |
|  224 | CHAIR               |  1000 |
|  225 | MANGO PICKLE        |    80 |
|  226 | SASSFARAS TOP       |    68 |
|  227 | TANG POWDER         |   180 |
|  228 | AMUL MILK POWDER    |   580 |
+------+---------------------+-------+
8 rows in set (0.00 sec)




INVOICE_MASTER TABLE
-------------------

INSERT INTO INVOICE_MASTER VALUES(111,110,'2023-01-29'),(816,110,'2023-01-29'),(115,106,'2023-03-29'),(958,100,'2023-12-29'),(344,108,'2023-03-19'),(915,110,'2022-03-10'),(355,114,'2023-03-29'),(165,106,'2023-12-12');
Query OK, 7 rows affected (0.15 sec)

Records: 7  Duplicates: 0  Warnings: 0

mysql> SELECT *FROM INVOICE_MASTER;
+--------+---------+------------+
| INV_ID | CUST_ID | INV_DATE   |
+--------+---------+------------+
|    111 |     110 | 2023-01-29 |
|    115 |     106 | 2023-03-29 |
|    165 |     106 | 2023-12-12 |
|    344 |     108 | 2023-03-19 |
|    355 |     114 | 2023-03-29 |
|    816 |     110 | 2023-01-29 |
|    915 |     110 | 2022-03-10 |
|    958 |     100 | 2023-12-29 |
+--------+---------+------------+
8 rows in set (0.01 sec)




INVOICE_ITEM TABLE
--------------------


mysql> INSERT INTO INVOICE_ITEM VALUES(111,221,15),(344,223,20),(816,227,12),(958,221,2),(355,228,2),(915,225,1),(165,227,3);
Query OK, 7 rows affected (0.09 sec)


Records: 7  Duplicates: 0  Warnings: 0


mysql> SELECT *FROM INVOICE_ITEM;
+--------+------+----------+
| INV_ID | P_ID | QUANTITY |
+--------+------+----------+
|    111 |  221 |       15 |
|    344 |  223 |       20 |
|    816 |  227 |       12 |
|    958 |  221 |        2 |
|    355 |  228 |        2 |
|    915 |  225 |        1 |
|    165 |  227 |        3 |
+--------+------+----------+
7 rows in set (0.01 sec)

------------------*********----------------------

 b)DML COMMANDS- UPDATE
 
 

 1) Update the price of a particular product. 
                     

