                                                1.3
                                                
                                                
a) TCL COMMANDS
           1.    Commit
           2.    Rollback
           3.    Savepoint

1)COMMIT



mysql> set autocommit=off;
Query OK, 0 rows affected (0.00 sec)

mysql>  SELECT * FROM EMPLOYEE;
+--------+------+------------+------+----------+
| emp_id | name | city       | dob  | adhar_no |
+--------+------+------------+------+----------+
|    111 | NEDA | CALICUT    | 2000 |   123456 |
|    125 | ANU  | KOLLAM     | 2034 |  1111111 |
|    128 | NEDA | THRISSUR   | 1980 |  9876543 |
|    289 | Abhi | Eranakulam | NULL |  4635647 |
+--------+------+------------+------+----------+
4 rows in set (0.01 sec)

mysql> INSERT INTO EMPLOYEE(emp_id,name,city,adhar_no) VALUES(348,'vinu','Palakkad',345621);
Query OK, 1 row affected (0.00 sec)

mysql> COMMIT;
Query OK, 0 rows affected (0.10 sec)

mysql>  SELECT * FROM EMPLOYEE;
+--------+------+------------+------+----------+
| emp_id | name | city       | dob  | adhar_no |
+--------+------+------------+------+----------+
|    111 | NEDA | CALICUT    | 2000 |   123456 |
|    125 | ANU  | KOLLAM     | 2034 |  1111111 |
|    128 | NEDA | THRISSUR   | 1980 |  9876543 |
|    289 | Abhi | Eranakulam | NULL |  4635647 |
|    348 | vinu | Palakkad   | NULL |   345621 |
+--------+------+------------+------+----------+
5 rows in set (0.00 sec)


2) ROLLBACK


ysql> DELETE FROM EMPLOYEE WHERE emp_id=111;
Query OK, 1 row affected (0.00 sec)

mysql>  SELECT * FROM EMPLOYEE;
+--------+------+------------+------+----------+
| emp_id | name | city       | dob  | adhar_no |
+--------+------+------------+------+----------+
|    125 | ANU  | KOLLAM     | 2034 |  1111111 |
|    128 | NEDA | THRISSUR   | 1980 |  9876543 |
|    289 | Abhi | Eranakulam | NULL |  4635647 |
|    348 | vinu | Palakkad   | NULL |   345621 |
+--------+------+------------+------+----------+
4 rows in set (0.00 sec)

mysql> ROLLBACK;
Query OK, 0 rows affected (0.05 sec)

mysql>  SELECT * FROM EMPLOYEE;
+--------+------+------------+------+----------+
| emp_id | name | city       | dob  | adhar_no |
+--------+------+------------+------+----------+
|    111 | NEDA | CALICUT    | 2000 |   123456 |
|    125 | ANU  | KOLLAM     | 2034 |  1111111 |
|    128 | NEDA | THRISSUR   | 1980 |  9876543 |
|    289 | Abhi | Eranakulam | NULL |  4635647 |
|    348 | vinu | Palakkad   | NULL |   345621 |
+--------+------+------------+------+----------+
5 rows in set (0.00 sec)



3) SAVEPOINT


mysql>  INSERT INTO EMPLOYEE VALUES(222,'RiNU','Eranakulam',2005,78355);
Query OK, 1 row affected (0.00 sec)

mysql>  SAVEPOINT EMP1;
Query OK, 0 rows affected (0.00 sec)

mysql>  INSERT INTO EMPLOYEE VALUES(333,'Roobi','thrissur',2014,85678);
Query OK, 1 row affected (0.00 sec)

mysql>  SAVEPOINT EMP2;
Query OK, 0 rows affected (0.00 sec)

mysql>  SELECT * FROM EMPLOYEE;
+--------+-------+------------+------+----------+
| emp_id | name  | city       | dob  | adhar_no |
+--------+-------+------------+------+----------+
|    111 | NEDA  | CALICUT    | 2000 |   123456 |
|    125 | ANU   | KOLLAM     | 2034 |  1111111 |
|    128 | NEDA  | THRISSUR   | 1980 |  9876543 |
|    289 | Abhi  | Eranakulam | NULL |  4635647 |
|    348 | vinu  | Palakkad   | NULL |   345621 |
|    222 | RiNU  | Eranakulam | 2005 |    78355 |
|    333 | Roobi | thrissur   | 2014 |    85678 |
+--------+-------+------------+------+----------+
7 rows in set (0.00 sec)

mysql> ROLLBACK TO EMP1;
Query OK, 0 rows affected (0.00 sec)

mysql>  SELECT * FROM EMPLOYEE;
+--------+------+------------+------+----------+
| emp_id | name | city       | dob  | adhar_no |
+--------+------+------------+------+----------+
|    111 | NEDA | CALICUT    | 2000 |   123456 |
|    125 | ANU  | KOLLAM     | 2034 |  1111111 |
|    128 | NEDA | THRISSUR   | 1980 |  9876543 |
|    289 | Abhi | Eranakulam | NULL |  4635647 |
|    348 | vinu | Palakkad   | NULL |   345621 |
|    222 | RiNU | Eranakulam | 2005 |    78355 |
+--------+------+------------+------+----------+
6 rows in set (0.00 sec)


----------------------------*******************************------------------------------


b) DCL COMMAND

 Create two users user1, user2
 
 
 mysql> CREATE USER nadha@'localhost' IDENTIFIED BY 'nadha';
Query OK, 0 rows affected (0.20 sec)

mysql> CREATE USER nadha_najeeb@'localhost' IDENTIFIED BY 'nadha2001';
Query OK, 0 rows affected (0.10 sec)


mysql> SELECT USER FROM mysql.user;
+------------------+
| USER             |
+------------------+
| mysql.infoschema |
| mysql.session    |
| mysql.sys        |
| nadha            |
| nadha_najeeb     |
| neda             |
| root             |
+------------------+
7 rows in set (0.00 sec)



 1)GRANT
 
 
 ->Give insert and select privilege to user 1 on customer table in the invoice database.
           
           mysql> GRANT INSERT,SELECT ON CUSTOMER TO nadha@'localhost';
           Query OK, 0 rows affected (0.11 sec)mysql> SHOW GRANTS FOR 'nadha'@'localhost';
           +---------------------------------------------------------------------+
           | Grants for nadha@localhost                                          |
           +---------------------------------------------------------------------+
           | GRANT USAGE ON *.* TO `nadha`@`localhost`                           |
           | GRANT SELECT, INSERT ON `INVOICE`.`CUSTOMER` TO `nadha`@`localhost` |
           +---------------------------------------------------------------------+
           2 rows in set (0.00 sec)

  
 ->Give update and delete privilege to user 2 on all tables in the invoice database.
 
           mysql>  GRANT UPDATE,DELETE ON INVOICE.* TO nadha_najeeb@'localhost';
           Query OK, 0 rows affected (0.20 sec)mysql> SHOW GRANTS FOR 'nadha_najeeb'@'localhost';
           +-------------------------------------------------------------------+
           | Grants for nadha_najeeb@localhost                                 |
           +-------------------------------------------------------------------+
           | GRANT USAGE ON *.* TO `nadha_najeeb`@`localhost`                  |
           | GRANT UPDATE, DELETE ON `INVOICE`.* TO `nadha_najeeb`@`localhost` |
           +-------------------------------------------------------------------+
           2 rows in set (0.00 sec)


           
           
           
  
 2)REVOKE
 

 ->Remove delete privilege of user 2.
  
          mysql> REVOKE DELETE ON INVOICE.* FROM nadha_najeeb@'localhost';
          Query OK, 0 rows affected (0.19 sec)

          mysql> SHOW GRANTS FOR 'nadha_najeeb'@'localhost';
          +-----------------------------------------------------------+
          | Grants for nadha_najeeb@localhost                         |
          +-----------------------------------------------------------+
          | GRANT USAGE ON *.* TO `nadha_najeeb`@`localhost`          |
          | GRANT UPDATE ON `INVOICE`.* TO `nadha_najeeb`@`localhost` |
          +-----------------------------------------------------------+
          2 rows in set (0.00 sec)

//SHOW GRANTS
